LOCALIDADE_ID;ESTADO;CIDADE
1612117691;AC;ASSIS BRASIL
1436758092;AC;CRUZEIRO DO SUL
3886173753;AC;FEIJÓ
3492147588;AC;MANOEL URBANO
1296763522;AC;MARECHAL THAUMATURGO
534391061;AC;PORTO WALTER
196190323;AC;RIO BRANCO
425320502;AC;SANTA ROSA DO PURUS
4089672419;AC;SENA MADUREIRA
3327300963;AC;SENADOR GUIOMARD
3633616473;AC;TARAUACÁ
1475310094;AL;ARAPIRACA
3802590476;AL;BELÉM
3348547191;AL;CAMPO GRANDE
2984553706;AL;FELIZ DESERTO
498923477;AL;IBATEGUARA
343582086;AL;MACEIÓ
324538240;AL;MARAGOGI
1609618098;AL;MATRIZ DE CAMARAGIBE
1206959177;AL;NOVO LINO
2945897840;AL;RIO LARGO
3613925884;AL;ÁGUA BRANCA
3832324931;AM;ANAMÃ
3098075750;AM;APUÍ
2094108780;AM;ATALAIA DO NORTE
3543889252;AM;AUTAZES
976707503;AM;BARCELOS
411015591;AM;BOA VISTA DO RAMOS
2073220029;AM;BOCA DO ACRE
1289441168;AM;CANUTAMA
3599916539;AM;CARAUARI
3861378022;AM;COARI
3924669113;AM;EIRUNEPÉ
98884789;AM;ENVIRA
4229830335;AM;FONTE BOA
510201384;AM;IPIXUNA
2716172721;AM;IRANDUBA
392454242;AM;ITACOATIARA
1106961551;AM;ITAMARATI
3421998741;AM;ITAPIRANGA
2869788505;AM;JAPURÁ
1725015696;AM;JURUÁ
3688276721;AM;LÁBREA
213476187;AM;MANAQUIRI
1285619790;AM;MANAUS
354967681;AM;MANICORÉ
3442514867;AM;MAUÉS
1423831367;AM;NOVA OLINDA DO NORTE
2150771750;AM;NOVO AIRÃO
2321686479;AM;NOVO ARIPUANÃ
1543664059;AM;PARINTINS
783721165;AM;PAUINI
4156131636;AM;PRESIDENTE FIGUEIREDO
2131774496;AM;SÃO GABRIEL DA CACHOEIRA
254221693;AM;SÃO PAULO DE OLIVENÇA
628417265;AM;TABATINGA
2734727643;AM;TEFÉ
3686015920;AP;MACAPÁ
287985768;AP;SANTANA
681653211;BA;ALAGOINHAS
458813167;BA;AMARGOSA
3374322635;BA;ANDARAÍ
148666011;BA;ARACATU
1991475606;BA;BARREIRAS
1951180000;BA;BELMONTE
3213843364;BA;BOA VISTA DO TUPIM
3514679489;BA;BOQUIRA
1522553796;BA;CAIRU
1045990541;BA;CAMAÇARI
2678339952;BA;CARAVELAS
3219793467;BA;CONCEIÇÃO DA FEIRA
4256276198;BA;CONCEIÇÃO DO COITÉ
3525097932;BA;CONDEÚBA
1698642576;BA;CORIBE
2348225983;BA;CORRENTINA
1744096105;BA;COTEGIPE
2191852165;BA;EUNÁPOLIS
3164405170;BA;FEIRA DE SANTANA
3877191799;BA;FORMOSA DO RIO PRETO
2898460314;BA;ILHÉUS
773452374;BA;INHAMBUPE
3390986364;BA;ITABELA
114434220;BA;ITAJU DO COLÔNIA
40108432;BA;ITAMARAJU
2336609174;BA;ITAPETINGA
2543884883;BA;JABORANDI
544083153;BA;JAGUARIPE
150180035;BA;JEQUIÉ
1827548593;BA;LAURO DE FREITAS
2133538418;BA;LENÇÓIS
1428304714;BA;LUÍS EDUARDO MAGALHÃES
2100409092;BA;MACARANI
3916135959;BA;MARAÚ
480301555;BA;MATA DE SÃO JOÃO
2290930905;BA;MUCUGÊ
3414745175;BA;MUCURI
3210740803;BA;PAULO AFONSO
3719321642;BA;PORTO SEGURO
3502595058;BA;PRADO
1883792498;BA;RIACHÃO DAS NEVES
3767511917;BA;SALVADOR
698598588;BA;SANTA RITA DE CÁSSIA
224624203;BA;SENTO SÉ
640703408;BA;SÃO DESIDÉRIO
3013625395;BA;SÃO SEBASTIÃO DO PASSÉ
1484785149;BA;TAPIRAMUTÁ
2806711988;BA;TEIXEIRA DE FREITAS
820328557;BA;UAUÁ
818908540;BA;URANDI
3119936794;BA;VALENÇA
4018838412;BA;VERA CRUZ
1304847377;BA;VITÓRIA DA CONQUISTA
1590569222;CE;AQUIRAZ
2008848499;CE;BEBERIBE
1995638212;CE;BOA VIAGEM
3918692259;CE;CAMOCIM
2755964185;CE;CARIDADE
4192633885;CE;CAUCAIA
444075851;CE;CHORÓ
2329324033;CE;CRATEÚS
49681070;CE;CRUZ
2706442202;CE;FORTALEZA
453835471;CE;GUARACIABA DO NORTE
1630504369;CE;GUARAMIRANGA
1591392776;CE;IGUATU
4128525522;CE;IRAUÇUBA
783724059;CE;ITAPIPOCA
2052590836;CE;JUAZEIRO DO NORTE
585242761;CE;MARANGUAPE
471251497;CE;OCARA
1545939583;CE;ORÓS
4091702035;CE;PACAJUS
3959299591;CE;QUIXADÁ
1500253001;CE;SÃO BENEDITO
1624318920;DF;BRASÍLIA
528820729;ES;AFONSO CLÁUDIO
841116924;ES;ALFREDO CHAVES
3320257789;ES;ARACRUZ
3410802938;ES;BAIXO GUANDU
1938397721;ES;CACHOEIRO DE ITAPEMIRIM
4016057891;ES;CASTELO
2359009126;ES;COLATINA
1997033821;ES;DOMINGOS MARTINS
3271500313;ES;GUARAPARI
2159512769;ES;JAGUARÉ
290076725;ES;LINHARES
877811427;ES;SERRA
4146032430;ES;SÃO GABRIEL DA PALHA
266682491;ES;SÃO MATEUS
2029240674;ES;VENDA NOVA DO IMIGRANTE
1316169311;ES;VIANA
888275051;ES;VILA VELHA
2010980610;ES;VITÓRIA
11462718;GO;ABADIA DE GOIÁS
3335601121;GO;ACREÚNA
1963297927;GO;ALTO HORIZONTE
1519742340;GO;ALTO PARAÍSO DE GOIÁS
3830300217;GO;ANÁPOLIS
1593380436;GO;ARAGARÇAS
146512357;GO;ARAÇU
2482158985;GO;ARUANÃ
3609371093;GO;BARRO ALTO
893675122;GO;BOM JESUS DE GOIÁS
1921142998;GO;BURITI ALEGRE
814382344;GO;CABECEIRAS
2668439838;GO;CACHOEIRA DOURADA
666579450;GO;CAIAPÔNIA
2681389126;GO;CALDAS NOVAS
3960324643;GO;CAMPINORTE
886260896;GO;CAMPO LIMPO DE GOIÁS
2360338039;GO;CATALÃO
511680569;GO;CAÇU
1090774902;GO;CERES
1120532159;GO;CHAPADÃO DO CÉU
2154316726;GO;CORUMBAÍBA
322530333;GO;CORUMBÁ DE GOIÁS
3635748070;GO;EDÉIA
3048537084;GO;FORMOSA
3486419921;GO;GOIANIRA
2945741935;GO;GOIATUBA
2493689868;GO;GOIÁS
2515034;GO;GOIÂNIA
2470948382;GO;INACIOLÂNDIA
2355882668;GO;IPAMERI
3780750388;GO;ITAPACI
291278353;GO;ITAPIRAPUÃ
145903700;GO;ITAPURANGA
3348632659;GO;ITAUÇU
2786247638;GO;ITUMBIARA
716509728;GO;JANDAIA
3022460325;GO;JATAÍ
1316660514;GO;JUSSARA
995547216;GO;LEOPOLDO DE BULHÕES
4023303023;GO;LUZIÂNIA
3549409187;GO;MONTES CLAROS DE GOIÁS
3477940951;GO;MONTIVIDIU
2389114564;GO;MOZARLÂNDIA
1757770070;GO;NAZÁRIO
3259493326;GO;NIQUELÂNDIA
1375036788;GO;NOVO GAMA
2114262131;GO;NOVO PLANALTO
3136686787;GO;ORIZONA
116128042;GO;PALMEIRAS DE GOIÁS
3318913735;GO;PARAÚNA
901298918;GO;PEROLÂNDIA
4060915343;GO;PETROLINA DE GOIÁS
630324155;GO;PIRACANJUBA
551890540;GO;PIRANHAS
2065091172;GO;PIRENÓPOLIS
120430211;GO;PLANALTINA
411040914;GO;QUIRINÓPOLIS
3269330585;GO;RIO VERDE
4204992824;GO;SANTA HELENA DE GOIÁS
1130417295;GO;SANTA ISABEL
4194702031;GO;SANTA RITA DO ARAGUAIA
443637784;GO;SANTA RITA DO NOVO DESTINO
2887103084;GO;SANTO ANTÔNIO DE GOIÁS
1231325744;GO;SENADOR CANEDO
1444530028;GO;SERRANÓPOLIS
3709112199;GO;SILVÂNIA
154680038;GO;SÃO LUÍS DE MONTES BELOS
3152560984;GO;TERESINA DE GOIÁS
3287816148;GO;TRINDADE
1217354531;GO;TRÊS RANCHOS
4170770551;GO;URUAÇU
2888361338;GO;VILA PROPÍCIO
389769231;GO;ÁGUA LIMPA
3264827101;MA;ALCÂNTARA
626096755;MA;ALTO PARNAÍBA
2398520779;MA;ARARI
3802052740;MA;BACABAL
3070076256;MA;BALSAS
3610346525;MA;BARREIRINHAS
1577348290;MA;CAROLINA
1699134609;MA;COROATÁ
3028918823;MA;GRAJAÚ
2554734269;MA;HUMBERTO DE CAMPOS
1765745140;MA;IMPERATRIZ
1405872348;MA;ITAPECURU MIRIM
432167339;MA;ITINGA DO MARANHÃO
417471672;MA;LAJEADO NOVO
2781582720;MA;MATINHA
494333947;MA;MATÕES DO NORTE
2674608895;MA;PAÇO DO LUMIAR
623654221;MA;PINHEIRO
831853651;MA;RAPOSA
619778921;MA;RIACHÃO
2131041345;MA;ROSÁRIO
3895656208;MA;SANTA INÊS
3426787797;MA;SANTA LUZIA
3102355283;MA;SERRANO DO MARANHÃO
1865922367;MA;SÃO LUÍS
754560912;MA;SÃO MATEUS DO MARANHÃO
3972756993;MA;SÍTIO NOVO
498725422;MA;TASSO FRAGOSO
3388755324;MA;TIMON
1350360647;MA;VILA NOVA DOS MARTÍRIOS
3302055015;MG;AIMORÉS
1779913974;MG;ALFENAS
1200698192;MG;ARAGUARI
2443451921;MG;BAEPENDI
485923162;MG;BARBACENA
3219082781;MG;BELO HORIZONTE
285283837;MG;BOM DESPACHO
1054123810;MG;BOM JESUS DO AMPARO
3621015058;MG;BOM JESUS DO GALHO
2663849134;MG;BUENO BRANDÃO
2046312300;MG;BURITIS
1221128747;MG;CABECEIRA GRANDE
3984674800;MG;CAMANDUCAIA
2280639009;MG;CAMPINA VERDE
3312450905;MG;CAMPO BELO
3684552663;MG;CAMPO FLORIDO
1153242602;MG;CAPITÓLIO
2536723337;MG;CARATINGA
1938449060;MG;CARLOS CHAGAS
3257178312;MG;CARMO DO CAJURU
2483073111;MG;CATAS ALTAS
1166434131;MG;CATUTI
1045917182;MG;CHAPADA GAÚCHA
1229602659;MG;CONCEIÇÃO DAS ALAGOAS
3675183380;MG;CONFINS
579050404;MG;CONSELHEIRO LAFAIETE
213084753;MG;CONTAGEM
2266891216;MG;CORINTO
3555011041;MG;COROMANDEL
2741441116;MG;CURVELO
232274535;MG;DELTA
2015607431;MG;DIAMANTINA
1395206582;MG;DIVINÓPOLIS
604578878;MG;ESMERALDAS
2286951846;MG;ESPINOSA
460259242;MG;ESPÍRITO SANTO DO DOURADO
1677499408;MG;FAMA
779716241;MG;FELIXLÂNDIA
3646734640;MG;FORMIGA
2699239676;MG;FRONTEIRA
3433708667;MG;FRUTAL
2335561219;MG;GOIANÁ
1039039971;MG;GOVERNADOR VALADARES
2511751789;MG;GUAPÉ
592847649;MG;GUARANI
1504499166;MG;GUARANÉSIA
376466929;MG;GUARDA-MOR
1849521174;MG;GUAXUPÉ
630502364;MG;GURINHATÃ
2953671739;MG;IBIÁ
2284301103;MG;IGARATINGA
206968226;MG;IPATINGA
2890862490;MG;IRAÍ DE MINAS
4185888237;MG;ITAGUARA
2036448027;MG;ITAJUBÁ
4136259377;MG;ITUIUTABA
144925034;MG;ITURAMA
1225981411;MG;JANAÚBA
739571472;MG;JANUÁRIA
3253065521;MG;JAÍBA
711771176;MG;JEQUITAÍ
2425465328;MG;JOÃO MONLEVADE
2977421883;MG;JOÃO PINHEIRO
3735802287;MG;JUATUBA
719430848;MG;JUIZ DE FORA
4027445478;MG;LAGOA FORMOSA
3510709478;MG;LAVRAS
4199526877;MG;LIMA DUARTE
2525402226;MG;LIMEIRA DO OESTE
758753112;MG;MANHUAÇU
2978534401;MG;MANTENA
336087633;MG;MONTES CLAROS
1133890253;MG;NOVA LIMA
2225736775;MG;NOVA PONTE
664160599;MG;NOVA PORTEIRINHA
2230875323;MG;OLIVEIRA
2900304313;MG;OURO BRANCO
3573033134;MG;OURO FINO
3355464588;MG;OURO PRETO
2627596969;MG;PARACATU
3379814112;MG;PARÁ DE MINAS
231365005;MG;PASSOS
3964272096;MG;PATOS DE MINAS
3877063887;MG;PATROCÍNIO
270546761;MG;PEDRALVA
1699115802;MG;PERDIZES
2881493582;MG;PIRAPORA
2227233761;MG;POMPÉU
3138179803;MG;POUSO ALEGRE
1022799559;MG;POÇOS DE CALDAS
1571747664;MG;PRATA
1097456878;MG;PRESIDENTE OLEGÁRIO
264707296;MG;QUELUZITO
4068492597;MG;RIBEIRÃO DAS NEVES
1912640693;MG;RIO PARANAÍBA
686154279;MG;SACRAMENTO
2495133310;MG;SANTANA DO PARAÍSO
739644504;MG;SETUBINHA
3239728306;MG;SÃO FRANCISCO DE SALES
1221410129;MG;SÃO JOÃO DEL REI
522172173;MG;SÃO LOURENÇO
2075153944;MG;SÃO SEBASTIÃO DO PARAÍSO
3318240222;MG;TAQUARAÇU DE MINAS
674034430;MG;TARUMIRIM
2628016010;MG;TEÓFILO OTONI
2166048424;MG;TIMÓTEO
1981016106;MG;TIRADENTES
1809393397;MG;TIROS
776942259;MG;TRÊS MARIAS
1276043932;MG;TUMIRITINGA
44789545;MG;TUPACIGUARA
2616379031;MG;TURMALINA
2586508571;MG;UBERABA
2540949619;MG;UBERLÂNDIA
1656202075;MG;UNAÍ
2638507156;MG;UNIÃO DE MINAS
835748008;MG;VARGEM BONITA
1308500215;MG;VARGINHA
3640627383;MG;VARJÃO DE MINAS
163591693;MG;VERÍSSIMO
3029884565;MG;VISCONDE DO RIO BRANCO
3644060067;MG;VIÇOSA
2957826550;MS;ANGÉLICA
4289793438;MS;AQUIDAUANA
2319159057;MS;BODOQUENA
1635828368;MS;BONITO
2303845583;MS;BRASILÂNDIA
1932803563;MS;CAARAPÓ
2303460861;MS;CAMAPUÃ
2115249333;MS;CAMPO GRANDE
108030739;MS;CASSILÂNDIA
2488863254;MS;CHAPADÃO DO SUL
669358924;MS;CORGUINHO
1912500623;MS;CORUMBÁ
2379573451;MS;COSTA RICA
2784455941;MS;COXIM
330112125;MS;DOURADOS
226966381;MS;ELDORADO
2102283115;MS;FIGUEIRÃO
894893307;MS;IGUATEMI
189359850;MS;ITAPORÃ
3622524971;MS;ITAQUIRAÍ
380591781;MS;IVINHEMA
831949016;MS;JARDIM
3099919;MS;JATEÍ
851327084;MS;JUTI
2662393702;MS;LADÁRIO
2437395448;MS;MIRANDA
3738637909;MS;MUNDO NOVO
4035822717;MS;NAVIRAÍ
2853865757;MS;NOVA ANDRADINA
1574697727;MS;PARANAÍBA
1478034431;MS;PONTA PORÃ
293713327;MS;PORTO MURTINHO
239342203;MS;RIBAS DO RIO PARDO
3550314912;MS;RIO BRILHANTE
3983713004;MS;RIO VERDE DE MATO GROSSO
502108060;MS;ROCHEDO
2419149098;MS;SANTA RITA DO PARDO
3700094256;MS;SIDROLÂNDIA
476439965;MS;SONORA
2245122174;MS;SÃO GABRIEL DO OESTE
995839645;MS;TAQUARUSSU
2303192202;MS;TRÊS LAGOAS
2320635473;MS;VICENTINA
3611437671;MS;ÁGUA CLARA
2091228433;MT;ALTA FLORESTA
3497819209;MT;ALTO GARÇAS
3062747846;MT;ALTO PARAGUAI
2162112356;MT;ARAPUTANGA
3462583043;MT;ARENÁPOLIS
123057016;MT;ARIPUANÃ
3711147483;MT;BARRA DO BUGRES
3773638040;MT;BARRA DO GARÇAS
1744079753;MT;BARÃO DE MELGAÇO
3662176586;MT;BRASNORTE
243912758;MT;CAMPINÁPOLIS
4094837516;MT;CAMPO NOVO DO PARECIS
3714876864;MT;CAMPO VERDE
3449972329;MT;CANARANA
3632729680;MT;CHAPADA DOS GUIMARÃES
1788098204;MT;CLÁUDIA
3208184225;MT;COCALINHO
1264136782;MT;COLNIZA
4119459720;MT;COLÍDER
3621258724;MT;CONFRESA
3190159238;MT;CONQUISTA D'OESTE
3695937640;MT;COTRIGUAÇU
3229078121;MT;CUIABÁ
337798257;MT;CÁCERES
2539288699;MT;DENISE
2827957578;MT;DIAMANTINO
2284588673;MT;GENERAL CARNEIRO
2929651050;MT;GUARANTÃ DO NORTE
4029237268;MT;GUIRATINGA
2408480667;MT;IPIRANGA DO NORTE
1641175726;MT;ITIQUIRA
3888089184;MT;JAURU
959551353;MT;JUARA
3498721674;MT;JUSCIMEIRA
929638592;MT;JUÍNA
3206692085;MT;LUCAS DO RIO VERDE
1143371595;MT;MIRASSOL D'OESTE
3466113043;MT;NOBRES
2108393478;MT;NORTELÂNDIA
3856195277;MT;NOSSA SENHORA DO LIVRAMENTO
1934267140;MT;NOVA BANDEIRANTES
389012392;MT;NOVA BRASILÂNDIA
2599707666;MT;NOVA MARINGÁ
303814032;MT;NOVA MUTUM
1556403611;MT;NOVA UBIRATÃ
1326603549;MT;NOVA XAVANTINA
467075825;MT;NOVO SÃO JOAQUIM
1168469314;MT;PARANATINGA
1264759856;MT;PEDRA PRETA
1642193701;MT;PEIXOTO DE AZEVEDO
142690776;MT;PLANALTO DA SERRA
2821203759;MT;POCONÉ
1735079186;MT;PONTES E LACERDA
2977260039;MT;PORTO ALEGRE DO NORTE
2202010791;MT;PORTO ESPERIDIÃO
2635356789;MT;POXORÉO
1703120598;MT;PRIMAVERA DO LESTE
1676472612;MT;QUERÊNCIA
881579446;MT;RIBEIRÃO CASCALHEIRA
1495816394;MT;RONDONÓPOLIS
2649378992;MT;ROSÁRIO OESTE
3226162538;MT;SANTA RITA DO TRIVELATO
2340190541;MT;SANTA TEREZINHA
2328410730;MT;SANTO ANTÔNIO DO LEVERGER
2910558332;MT;SAPEZAL
3499000190;MT;SINOP
3756194058;MT;SORRISO
2462912792;MT;SÃO FÉLIX DO ARAGUAIA
222357265;MT;SÃO JOSÉ DO RIO CLARO
606389841;MT;SÃO JOSÉ DO XINGU
2303247600;MT;TABAPORÃ
3508460740;MT;TANGARÁ DA SERRA
834364620;MT;TAPURAH
3740696735;MT;VERA
2440481055;MT;VILA BELA DA SANTÍSSIMA TRINDADE
3012613994;MT;VILA RICA
369490931;MT;VÁRZEA GRANDE
202818723;MT;ÁGUA BOA
2765049264;PA;AFUÁ
1993133703;PA;ALMEIRIM
2550425443;PA;ALTAMIRA
2409217164;PA;ANAJÁS
2917648330;PA;ANANINDEUA
3020402223;PA;ANAPU
1467188110;PA;BARCARENA
290576681;PA;BELTERRA
2677107112;PA;BELÉM
3779707243;PA;BENEVIDES
3198039801;PA;BRAGANÇA
3160086232;PA;BREU BRANCO
1772889261;PA;BREVES
3947509755;PA;CACHOEIRA DO ARARI
331153124;PA;CAMETÁ
130215804;PA;CHAVES
3305090363;PA;CONCEIÇÃO DO ARAGUAIA
1550633672;PA;CUMARU DO NORTE
913423065;PA;CURIONÓPOLIS
2780146691;PA;CURRALINHO
81286291;PA;GOIANÉSIA DO PARÁ
1836952589;PA;GURUPÁ
1882630772;PA;IPIXUNA DO PARÁ
240395974;PA;ITAITUBA
3665144398;PA;JACAREACANGA
979223894;PA;MARABÁ
985328480;PA;MARITUBA
1928963645;PA;MONTE ALEGRE
3586980658;PA;MUANÁ
2899290124;PA;NOVO PROGRESSO
2221415985;PA;ORIXIMINÁ
2953757010;PA;OURILÂNDIA DO NORTE
2775150305;PA;PACAJÁ
1169438356;PA;PARAGOMINAS
1413730284;PA;PARAUAPEBAS
1807402899;PA;PONTA DE PEDRAS
4236272307;PA;PORTEL
1657415501;PA;PORTO DE MOZ
2130886427;PA;REDENÇÃO
2808139974;PA;SANTA CRUZ DO ARARI
3738128588;PA;SANTANA DO ARAGUAIA
212264233;PA;SANTARÉM
3882469021;PA;SENADOR JOSÉ PORFÍRIO
573928674;PA;SOURE
428167034;PA;SÃO FÉLIX DO XINGU
4011291542;PA;SÃO SEBASTIÃO DA BOA VISTA
3190561793;PA;TAILÂNDIA
301523442;PA;TUCUMÃ
1410659200;PA;TUCURUÍ
1727138984;PA;ULIANÓPOLIS
528193617;PA;XINGUARA
1894602469;PA;ÓBIDOS
1931640256;PB;BANANEIRAS
2797333941;PB;BAYEUX
3852459627;PB;CABEDELO
148549888;PB;CAMPINA GRANDE
803923672;PB;GUARABIRA
1650417197;PB;JOÃO PESSOA
583713254;PB;PRINCESA ISABEL
2102093252;PB;SANTA RITA
2711979880;PE;CABROBÓ
2509618574;PE;CAMARAGIBE
404042013;PE;CARUARU
1305062869;PE;EXU
1824119787;PE;FERNANDO DE NORONHA
52660659;PE;FLORESTA
2314429999;PE;GAMELEIRA
4258649948;PE;GRAVATÁ
955743096;PE;IGARASSU
2638666376;PE;JABOATÃO DOS GUARARAPES
1290549242;PE;OLINDA
3854823666;PE;OROCÓ
4115842132;PE;PETROLINA
408689797;PE;PRIMAVERA
2703037620;PE;RECIFE
3977625548;PE;RIACHO DAS ALMAS
422053657;PE;SALGUEIRO
1356105540;PE;SIRINHAÉM
12307310;PE;SÃO VICENTE FERRER
3806024455;PI;ASSUNÇÃO DO PIAUÍ
2140261562;PI;BAIXA GRANDE DO RIBEIRO
895787182;PI;BARRO DURO
3068296124;PI;BOM JESUS
3905982331;PI;CAMPINAS DO PIAUÍ
2336743300;PI;ELISEU MARTINS
2814871266;PI;ITAUEIRA
498000102;PI;OEIRAS
1077673847;PI;PARNAÍBA
3216954636;PI;PICOS
2083683488;PI;PIRACURUCA
497803556;PI;RIBEIRO GONÇALVES
282325392;PI;SEBASTIÃO LEAL
1511892720;PI;SIMPLÍCIO MENDES
982375382;PI;SÃO RAIMUNDO NONATO
4151805899;PI;TERESINA
3039654307;PI;URUÇUÍ
3688632427;PI;VALENÇA DO PIAUÍ
3370525134;PR;ALMIRANTE TAMANDARÉ
2929239227;PR;ALTO PARANÁ
662665212;PR;ALTÔNIA
2371542630;PR;AMAPORÃ
3508814892;PR;ANTONINA
1367190177;PR;ARAPONGAS
1358424741;PR;ARAUCÁRIA
2755226922;PR;ASSIS CHATEAUBRIAND
2955379773;PR;BALSA NOVA
2900135026;PR;BANDEIRANTES
2088626342;PR;BELA VISTA DO PARAÍSO
4116828872;PR;BOA ESPERANÇA
2995454177;PR;BOA VISTA DA APARECIDA
3375044687;PR;CAFEZAL DO SUL
3061264647;PR;CAMBARÁ
2612120564;PR;CAMBÉ
340082683;PR;CAMPINA GRANDE DO SUL
1296862747;PR;CAMPO BONITO
744875752;PR;CAMPO DO TENENTE
2947564589;PR;CAMPO LARGO
3213421074;PR;CAMPO MAGRO
359775260;PR;CAMPO MOURÃO
3244079344;PR;CANDÓI
1877000044;PR;CASCAVEL
3035797757;PR;CASTRO
659739249;PR;CIANORTE
2104863822;PR;CIDADE GAÚCHA
179299336;PR;COLOMBO
1730657767;PR;CORNÉLIO PROCÓPIO
444300283;PR;CRUZ MACHADO
1020290351;PR;CURITIBA
2312046937;PR;ENGENHEIRO BELTRÃO
1817684267;PR;FAROL
1660188769;PR;FAXINAL
316600816;PR;FLORESTÓPOLIS
2033684700;PR;FOZ DO IGUAÇU
2767277515;PR;FRANCISCO BELTRÃO
4009982765;PR;GOIOERÊ
3993263930;PR;GUARAPUAVA
583542582;PR;GUARATUBA
2140367125;PR;IBIPORÃ
124926318;PR;IGUARAÇU
446140614;PR;ITAMBÉ
156102848;PR;IVATÉ
1252982654;PR;JACAREZINHO
3503513770;PR;JAGUAPITÃ
204626405;PR;JATAIZINHO
3831831007;PR;LAPA
587506306;PR;LONDRINA
1969505122;PR;MANDAGUAÇU
1145215903;PR;MARECHAL CÂNDIDO RONDON
4117331411;PR;MARIALVA
4089283152;PR;MARILUZ
4010830881;PR;MARINGÁ
350486036;PR;MATINHOS
2938074918;PR;MATO RICO
2940037635;PR;MAUÁ DA SERRA
1790905219;PR;MIRADOR
873265629;PR;NOVA ESPERANÇA
1607674403;PR;PALMAS
860753082;PR;PALMEIRA
1197224573;PR;PALOTINA
3554836973;PR;PARANAGUÁ
3911111636;PR;PARANAVAÍ
2870875620;PR;PATO BRANCO
3769898502;PR;PAULA FREITAS
3738553604;PR;PINHÃO
2612540310;PR;PIRAQUARA
1812626386;PR;PIRAÍ DO SUL
245652143;PR;PONTA GROSSA
220537426;PR;PORECATU
4283598482;PR;PRESIDENTE CASTELO BRANCO
108425101;PR;QUARTO CENTENÁRIO
424268382;PR;QUATRO BARRAS
2195387161;PR;QUERÊNCIA DO NORTE
972860988;PR;RESERVA
36321516;PR;SABÁUDIA
677337568;PR;SANTA ISABEL DO IVAÍ
3751385882;PR;SANTA MARIANA
1472108191;PR;SANTA MÔNICA
1941675020;PR;SANTA TEREZINHA DE ITAIPU
1211820045;PR;SANTO ANTÔNIO DA PLATINA
3579309806;PR;SERTANÓPOLIS
323901974;PR;SIQUEIRA CAMPOS
3399939513;PR;SÃO JOSÉ DOS PINHAIS
1684072068;PR;SÃO JOÃO DO CAIUÁ
3294256310;PR;SÃO MANOEL DO PARANÁ
11552152;PR;SÃO MIGUEL DO IGUAÇU
2334111581;PR;SÃO PEDRO DO IVAÍ
2678519784;PR;TAMBOARA
1272059924;PR;TAPIRA
388990408;PR;TELÊMACO BORBA
3583120009;PR;TERRA BOA
566918834;PR;TERRA RICA
2356267418;PR;TERRA ROXA
1166761313;PR;TIJUCAS DO SUL
471281638;PR;TOLEDO
1403053816;PR;UMUARAMA
176806813;PR;UNIÃO DA VITÓRIA
3921042801;PR;ÂNGULO
2450005976;RJ;ANGRA DOS REIS
3029301729;RJ;ARRAIAL DO CABO
1759099738;RJ;BARRA DO PIRAÍ
975247694;RJ;CABO FRIO
213495531;RJ;CAMPOS DOS GOYTACAZES
3949547926;RJ;CANTAGALO
758587960;RJ;CASIMIRO DE ABREU
627012983;RJ;IGUABA GRANDE
2991588324;RJ;ITABORAÍ
2065929212;RJ;ITAPERUNA
1675353981;RJ;JAPERI
2099812995;RJ;MACAÉ
3678627021;RJ;MANGARATIBA
1836578344;RJ;MARICÁ
2514985673;RJ;NITERÓI
2670777370;RJ;NOVA FRIBURGO
2886604182;RJ;NOVA IGUAÇU
662382901;RJ;PARATY
3539026682;RJ;RESENDE
3430134732;RJ;RIO CLARO
2991683737;RJ;RIO DE JANEIRO
3550377950;RJ;SANTA MARIA MADALENA
3866216127;RJ;TERESÓPOLIS
1457077808;RJ;TRAJANO DE MORAES
1213999933;RJ;VALENÇA
3220827493;RJ;VOLTA REDONDA
2560627835;RN;ARÊS
206756100;RN;BOM JESUS
2605349082;RN;CAICÓ
2280311428;RN;CEARÁ-MIRIM
3295086137;RN;EXTREMOZ
401760915;RN;MOSSORÓ
631398431;RN;NATAL
2592034991;RN;PARELHAS
2566142655;RN;PARNAMIRIM
3163421192;RN;SÃO GONÇALO DO AMARANTE
750671055;RN;TAIPU
3808965877;RO;ALTA FLORESTA D'OESTE
3076049930;RO;ARIQUEMES
1213360552;RO;CACOAL
3361899083;RO;CANDEIAS DO JAMARI
2724845067;RO;CEREJEIRAS
264188936;RO;ESPIGÃO D'OESTE
205015130;RO;JI-PARANÁ
1254106746;RO;NOVA MAMORÉ
623569941;RO;PIMENTA BUENO
3081209494;RO;PORTO VELHO
4170298122;RO;VILHENA
993987983;RR;ALTO ALEGRE
2616919599;RR;AMAJARI
4077147940;RR;BOA VISTA
2018681006;RR;BONFIM
472602977;RR;CANTÁ
3685120204;RR;CARACARAÍ
793066683;RR;CAROEBE
3809778172;RR;IRACEMA
2574307718;RR;MUCAJAÍ
1585353765;RR;NORMANDIA
2315969446;RR;PACARAIMA
2021728803;RR;RORAINÓPOLIS
905717023;RR;UIRAMUTÃ
3631052447;RS;AGUDO
156902405;RS;ALEGRETE
182324975;RS;ARAMBARÉ
2200851973;RS;ARROIO GRANDE
2465360339;RS;BAGÉ
3675683115;RS;BARRA DO RIBEIRO
3408612250;RS;BARÃO
2454864211;RS;BENTO GONÇALVES
3335037282;RS;CACEQUI
2296472076;RS;CACHOEIRA DO SUL
4227326570;RS;CAMAQUÃ
3207633700;RS;CAMPINAS DO SUL
3704537321;RS;CANELA
2538490426;RS;CANOAS
4040643781;RS;CAPÃO DA CANOA
1533595071;RS;CARAZINHO
1141663889;RS;CAXIAS DO SUL
1614266795;RS;CAÇAPAVA DO SUL
3185839157;RS;CHAPADA
1903641364;RS;CRUZ ALTA
84198868;RS;DOM PEDRITO
3463855809;RS;ELDORADO DO SUL
3634143610;RS;ENTRE-IJUÍS
2023509930;RS;ERECHIM
4291046612;RS;ESPUMOSO
3051129263;RS;ESTEIO
966906917;RS;GARIBALDI
4227449949;RS;GUAÍBA
2193349725;RS;IBIRUBÁ
63095213;RS;ITAQUI
3877602365;RS;JAGUARÃO
3182223352;RS;MARAU
1209873157;RS;MATA
2599063780;RS;MAÇAMBARÁ
3297560846;RS;MONTENEGRO
724600926;RS;MOSTARDAS
795225776;RS;MUITOS CAPÕES
1246479845;RS;NOVA PRATA
1144497542;RS;NOVA RAMADA
2435903986;RS;NOVO HAMBURGO
2107675070;RS;OSÓRIO
2142472874;RS;PALMARES DO SUL
730640454;RS;PALMEIRA DAS MISSÕES
2409758947;RS;PARECI NOVO
571101309;RS;PASSO FUNDO
3518213208;RS;PEDRO OSÓRIO
453377153;RS;PEJUÇARA
864419414;RS;PELOTAS
2032787645;RS;PORTO ALEGRE
191834024;RS;QUATRO IRMÃOS
2235186641;RS;RESTINGA SECA
563656158;RS;RIO GRANDE
3222963359;RS;RIO PARDO
2200440464;RS;ROSÁRIO DO SUL
3475922786;RS;SANT'ANA DO LIVRAMENTO
2400287287;RS;SANTA CRUZ DO SUL
2857394203;RS;SANTA MARGARIDA DO SUL
1394350489;RS;SANTA MARIA
3049523749;RS;SANTA ROSA
32088174;RS;SANTA VITÓRIA DO PALMAR
2612402353;RS;SANTANA DO LIVRAMENTO
514754335;RS;SANTO ÂNGELO
2522790550;RS;SÃO BORJA
1864069742;RS;SÃO JOSÉ DOS AUSENTES
1287598357;RS;SÃO JOÃO DO POLÊSINE
1339892308;RS;SÃO LOURENÇO DO SUL
1748659881;RS;SÃO PEDRO DO SUL
4224544025;RS;SÃO SEPÉ
866785603;RS;SÃO VICENTE DO SUL
2795171257;RS;TAPERA
1591189076;RS;TAPES
2195321909;RS;TOROPI
1559288696;RS;TORRES
1689009347;RS;TRIUNFO
600961463;RS;TRÊS FORQUILHAS
344924160;RS;URUGUAIANA
3196422012;RS;VALE VERDE
349212154;RS;VENÂNCIO AIRES
2918144999;RS;VERANÓPOLIS
2994139245;RS;VIAMÃO
3434787109;SC;ARAQUARI
4202060066;SC;BALNEÁRIO CAMBORIÚ
4135583990;SC;BARRA VELHA
1713923620;SC;BLUMENAU
491059006;SC;BOM RETIRO
492427713;SC;BRUSQUE
1823625971;SC;CHAPADÃO DO LAGEADO
2154685742;SC;CHAPECÓ
2377010681;SC;CONCÓRDIA
1909776480;SC;CORREIA PINTO
3316414450;SC;CORUPÁ
2281286614;SC;CURITIBANOS
3810148433;SC;FLORIANÓPOLIS
1525657379;SC;GARUVA
1703656807;SC;GUABIRUBA
2932961865;SC;GUARAMIRIM
2557767030;SC;IBIRAMA
2220292413;SC;ILHOTA
3209109232;SC;IMBITUBA
945191507;SC;IMBUIA
526613306;SC;IPUMIRIM
2092859648;SC;ITAJAÍ
3498813286;SC;ITAPEMA
2381538869;SC;JAGUARUNA
3886627701;SC;JARAGUÁ DO SUL
678699693;SC;JOAÇABA
3525531754;SC;JOINVILLE
2995781325;SC;LAGES
3589562388;SC;LAGUNA
4130812850;SC;LAJEADO GRANDE
3591292691;SC;LUIZ ALVES
2879842548;SC;NAVEGANTES
2340005615;SC;NOVA ERECHIM
92475869;SC;NOVO HORIZONTE
3815063172;SC;OURO
3306182356;SC;PORTO BELO
556166184;SC;PORTO UNIÃO
3260629267;SC;RIO DO OESTE
585258396;SC;RIO NEGRINHO
4117891776;SC;RODEIO
2306828335;SC;SANTO AMARO DA IMPERATRIZ
749229350;SC;SCHROEDER
337828629;SC;SÃO BENTO DO SUL
2306038894;SC;SÃO FRANCISCO DO SUL
3009710678;SC;SÃO JOSÉ
1917176056;SC;TIJUCAS
3815510412;SE;ARACAJU
2068923473;SE;ESTÂNCIA
1812974035;SE;ITABAIANA
2856998892;SE;ITAPORANGA D'AJUDA
2253330892;SP;AGUAÍ
3175749219;SP;AGUDOS
3723527754;SP;AMERICANA
1455204573;SP;ANDRADINA
3442554737;SP;ARANDU
4052075825;SP;ARARAQUARA
1276722197;SP;ARARAS
2343265897;SP;ARAÇATUBA
2093701883;SP;AREALVA
159022143;SP;ARTUR NOGUEIRA
2195165693;SP;ASSIS
3092604612;SP;ATIBAIA
1222125704;SP;AURIFLAMA
222959420;SP;AVANHANDAVA
323462929;SP;AVARÉ
3233128242;SP;BARRA BONITA
190244774;SP;BARRETOS
1583161102;SP;BATATAIS
2076141092;SP;BAURU
1145744744;SP;BEBEDOURO
295452284;SP;BERTIOGA
451274067;SP;BIRIGUI
2492472892;SP;BIRITIBA-MIRIM
42435296;SP;BOA ESPERANÇA DO SUL
4194041393;SP;BOCAINA
1135313776;SP;BOITUVA
3545353595;SP;BOM JESUS DOS PERDÕES
1086583582;SP;BOTUCATU
3245303053;SP;BRAGANÇA PAULISTA
786384186;SP;BROTAS
3157310275;SP;BURITAMA
1194855289;SP;CABREÚVA
1057731452;SP;CAIABU
2901782646;SP;CAIEIRAS
1824064329;SP;CAJAMAR
623375626;SP;CAJATI
857828823;SP;CAJOBI
2321068166;SP;CAMPINAS
3960497937;SP;CAMPOS DO JORDÃO
3479090726;SP;CARAGUATATUBA
3002059082;SP;CARAPICUÍBA
1537742723;SP;CASA BRANCA
1451305872;SP;CATANDUVA
3095696380;SP;CAÇAPAVA
261699558;SP;COLINA
130706137;SP;COSMÓPOLIS
338578807;SP;COTIA
589360491;SP;CUNHA
1250134275;SP;CÂNDIDO MOTA
593175011;SP;DIADEMA
4239440065;SP;DRACENA
225294067;SP;ELDORADO
1586769423;SP;ELIAS FAUSTO
255354700;SP;ENGENHEIRO COELHO
120510263;SP;ESPÍRITO SANTO DO TURVO
2242856307;SP;FRANCA
2952288117;SP;FRANCO DA ROCHA
3055707387;SP;GAVIÃO PEIXOTO
1705450271;SP;GUAPIAÇU
2223307965;SP;GUARACI
3959381566;SP;GUARARAPES
261915614;SP;GUARATINGUETÁ
2639729782;SP;GUARIBA
2903131978;SP;GUARUJÁ
3992707102;SP;GUARULHOS
1283050511;SP;GUAÍRA
3732662117;SP;HERCULÂNDIA
2175575319;SP;IARAS
2853604254;SP;IBATÉ
4236572050;SP;IBIRÁ
3783427275;SP;IBITINGA
2652448426;SP;IBIÚNA
2237554997;SP;ICÉM
4083169120;SP;IGARAPAVA
3930762514;SP;ILHA COMPRIDA
1488984042;SP;IPAUSSU
4231520938;SP;IPERÓ
897352017;SP;IPIGUÁ
1288312621;SP;IPUÃ
4165829380;SP;ITABERÁ
1020918215;SP;ITANHAÉM
3193179591;SP;ITAPETININGA
2341034548;SP;ITAPEVA
2236797446;SP;ITAPEVI
3875497556;SP;ITAPIRA
3217981544;SP;ITAQUAQUECETUBA
1110255341;SP;ITARIRI
593486674;SP;ITATIBA
2195015075;SP;ITAÍ
3199436334;SP;ITIRAPINA
618305568;SP;ITOBI
3355559616;SP;ITU
518613878;SP;ITUPEVA
2839202366;SP;ITÁPOLIS
3827904660;SP;JABOTICABAL
2518135114;SP;JACUPIRANGA
3034092729;SP;JALES
1035611294;SP;JARINU
2163540028;SP;JAÚ
3294638786;SP;JOSÉ BONIFÁCIO
3296818924;SP;JUNDIAÍ
3905773416;SP;JUNQUEIRÓPOLIS
393226684;SP;JUQUIÁ
3595531567;SP;LAVÍNIA
3879286984;SP;LEME
3191308830;SP;LENÇÓIS PAULISTA
836380478;SP;LINS
3192731078;SP;LOUVEIRA
2462882990;SP;MACATUBA
104357967;SP;MAIRIPORÃ
2318430362;SP;MARABÁ PAULISTA
2805597925;SP;MARIÁPOLIS
2252082229;SP;MARÍLIA
1830148579;SP;MATÃO
2865053429;SP;MESÓPOLIS
3815805799;SP;MIGUELÓPOLIS
3104442071;SP;MIRACATU
1005339916;SP;MIRASSOL
2976659281;SP;MOGI DAS CRUZES
795104725;SP;MOGI GUAÇU
3608647145;SP;MOGI MIRIM
2087669169;SP;NAZARÉ PAULISTA
2701658662;SP;NOVA GRANADA
3532176497;SP;NOVA INDEPENDÊNCIA
1174596513;SP;NOVA ODESSA
1352459499;SP;NOVO HORIZONTE
101601836;SP;OLÍMPIA
1081852512;SP;ORLÂNDIA
1820729391;SP;OSASCO
1528064026;SP;OURO VERDE
3273617879;SP;OUROESTE
2503519771;SP;PACAEMBU
1394738042;SP;PALESTINA
3062292116;SP;PARAGUAÇU PAULISTA
1805821463;SP;PAULÍNIA
3210593613;SP;PENÁPOLIS
3363293388;SP;PEREIRA BARRETO
1732122115;SP;PERUÍBE
2882434110;SP;PIACATU
2498553970;SP;PIEDADE
2034367847;SP;PINDORAMA
2766295879;SP;PIQUETE
2442536074;SP;PIRACICABA
3441267761;SP;PIRAJUÍ
739054426;SP;PIRASSUNUNGA
10186678;SP;PORTO FELIZ
596311793;SP;POTIRENDABA
1037731473;SP;PRADÓPOLIS
259141546;SP;PRESIDENTE BERNARDES
1718783265;SP;PRESIDENTE PRUDENTE
748562847;SP;PRESIDENTE VENCESLAU
3004102527;SP;PROMISSÃO
1997671814;SP;QUADRA
3994495338;SP;REGENTE FEIJÓ
1823890736;SP;RIBEIRÃO PRETO
1030847789;SP;RIO CLARO
3246059689;SP;ROSANA
483051855;SP;SALTO DE PIRAPORA
75348582;SP;SANTA BÁRBARA D'OESTE
2198149385;SP;SANTA CLARA D'OESTE
270313874;SP;SANTA CRUZ DAS PALMEIRAS
3898132600;SP;SANTA CRUZ DO RIO PARDO
1144798237;SP;SANTA FÉ DO SUL
2936605719;SP;SANTA ISABEL
1715899308;SP;SANTO ANDRÉ
69041965;SP;SANTO ANTÔNIO DO ARACANGUÁ
3878302653;SP;SANTOS
125652466;SP;SERRA NEGRA
2697683080;SP;SERTÃOZINHO
2915126524;SP;SETE BARRAS
3375440563;SP;SOCORRO
177852223;SP;SOROCABA
1335723710;SP;SÃO BERNARDO DO CAMPO
2498303105;SP;SÃO CAETANO DO SUL
3586101662;SP;SÃO CARLOS
585762802;SP;SÃO JOAQUIM DA BARRA
1781685872;SP;SÃO JOSÉ DO RIO PARDO
2067071397;SP;SÃO JOSÉ DO RIO PRETO
1960707533;SP;SÃO JOSÉ DOS CAMPOS
2513176147;SP;SÃO JOÃO DA BOA VISTA
2007838570;SP;SÃO LOURENÇO DA SERRA
4072010112;SP;SÃO PAULO
3027406927;SP;SÃO PEDRO
343293193;SP;SÃO ROQUE
2310714905;SP;SÃO SEBASTIÃO
1952999180;SP;SÃO VICENTE
4149579626;SP;TABOÃO DA SERRA
4208354595;SP;TAMBAÚ
1766378387;SP;TAPIRATIBA
608756608;SP;TATUÍ
1740069640;SP;TAUBATÉ
2070390474;SP;TIETÊ
3150416424;SP;TUPI PAULISTA
3512972550;SP;UBARANA
1133686394;SP;UBATUBA
1218341457;SP;VERA CRUZ
770052643;SP;VINHEDO
959995420;SP;VITÓRIA BRASIL
852106064;SP;VOTUPORANGA
95724093;SP;ÁLVARES MACHADO
598691668;TO;ALIANÇA DO TOCANTINS
3348598268;TO;ARAGUAÍNA
345248126;TO;BREJINHO DE NAZARÉ
2060434749;TO;CAMPOS LINDOS
2742832512;TO;COLINAS DO TOCANTINS
3487126758;TO;CRISTALÂNDIA
3505192291;TO;DIANÓPOLIS
134040913;TO;FIGUEIRÓPOLIS
1517015736;TO;GURUPI
1467970286;TO;ITAPIRATINS
2706914321;TO;LAGOA DA CONFUSÃO
922560116;TO;MIRANORTE
17200778;TO;MONTE DO CARMO
2795301231;TO;NOVA ROSALÂNDIA
3717257687;TO;PALMAS
2274953483;TO;PIUM
185482072;TO;PORTO NACIONAL
3886274360;TO;RECURSOLÂNDIA
